Position,Name + ID,Name,ID,Roster Position,Salary,Game Info,TeamAbbrev,AvgPointsPerGame
G,Jordan Binnington (13678944),Jordan Binnington,13678944,G,8400,CLS@STL 11/01/2019 08:00PM ET,STL,15.68
G,Jake Allen (13678960),Jake Allen,13678960,G,8200,CLS@STL 11/01/2019 08:00PM ET,STL,4.75
G,Philipp Grubauer (13678945),Philipp Grubauer,13678945,G,8200,DAL@COL 11/01/2019 09:00PM ET,COL,16.7
LW,Alex Ovechkin (13678140),Alex Ovechkin,13678140,W/UTIL,8100,BUF@WAS 11/01/2019 07:00PM ET,WAS,19.41
G,Braden Holtby (13678946),Braden Holtby,13678946,G,8100,BUF@WAS 11/01/2019 07:00PM ET,WAS,10.99
G,Petr Mrazek (13678947),Petr Mrazek,13678947,G,8000,DET@CAR 11/01/2019 07:30PM ET,CAR,14.68
C,Nathan MacKinnon (13677890),Nathan MacKinnon,13677890,C/UTIL,8000,DAL@COL 11/01/2019 09:00PM ET,COL,16.45
G,Pavel Francouz (13678961),Pavel Francouz,13678961,G,8000,DAL@COL 11/01/2019 09:00PM ET,COL,19
G,Ilya Samsonov (13678962),Ilya Samsonov,13678962,G,7900,BUF@WAS 11/01/2019 07:00PM ET,WAS,14.04
G,Andrei Vasilevskiy (13678949),Andrei Vasilevskiy,13678949,G,7900,TB@NYI 11/01/2019 07:00PM ET,TB,15.72
G,James Reimer (13678963),James Reimer,13678963,G,7800,DET@CAR 11/01/2019 07:30PM ET,CAR,13.5
G,Martin Jones (13678948),Martin Jones,13678948,G,7800,WPG@SJ 11/01/2019 10:30PM ET,SJ,9
G,John Gibson (13678950),John Gibson,13678950,G,7700,VAN@ANH 11/01/2019 10:00PM ET,ANH,15.19
G,Curtis McElhinney (13678966),Curtis McElhinney,13678966,G,7700,TB@NYI 11/01/2019 07:00PM ET,TB,15.78
G,Carter Hart (13678951),Carter Hart,13678951,G,7600,PHI@NJ 11/01/2019 07:00PM ET,PHI,4.97
G,Aaron Dell (13678964),Aaron Dell,13678964,G,7600,WPG@SJ 11/01/2019 10:30PM ET,SJ,9.16
G,Semyon Varlamov (13678952),Semyon Varlamov,13678952,G,7600,TB@NYI 11/01/2019 07:00PM ET,NYI,14.65
G,Thomas Greiss (13678965),Thomas Greiss,13678965,G,7600,TB@NYI 11/01/2019 07:00PM ET,NYI,16.9
C,Jack Eichel (13677892),Jack Eichel,13677892,C/UTIL,7500,BUF@WAS 11/01/2019 07:00PM ET,BUF,16.22
RW,Brock Boeser (13678142),Brock Boeser,13678142,W/UTIL,7500,VAN@ANH 11/01/2019 10:00PM ET,VAN,14.12
G,Jacob Markstrom (13678953),Jacob Markstrom,13678953,G,7500,VAN@ANH 11/01/2019 10:00PM ET,VAN,15.42
G,Thatcher Demko (13678967),Thatcher Demko,13678967,G,7500,VAN@ANH 11/01/2019 10:00PM ET,VAN,17.98
G,Ryan Miller (13678968),Ryan Miller,13678968,G,7500,VAN@ANH 11/01/2019 10:00PM ET,ANH,16.48
LW,Taylor Hall (13678144),Taylor Hall,13678144,W/UTIL,7400,PHI@NJ 11/01/2019 07:00PM ET,NJ,11.69
G,MacKenzie Blackwood (13678954),MacKenzie Blackwood,13678954,G,7400,PHI@NJ 11/01/2019 07:00PM ET,NJ,6.95
G,Cory Schneider (13678969),Cory Schneider,13678969,G,7400,PHI@NJ 11/01/2019 07:00PM ET,NJ,2.08
G,Brian Elliott (13678970),Brian Elliott,13678970,G,7400,PHI@NJ 11/01/2019 07:00PM ET,PHI,10.5
D,John Carlson (13678584),John Carlson,13678584,D/UTIL,7300,BUF@WAS 11/01/2019 07:00PM ET,WAS,18.34
G,Carter Hutton (13678956),Carter Hutton,13678956,G,7300,BUF@WAS 11/01/2019 07:00PM ET,BUF,18.4
RW,Mikko Rantanen (13678146),Mikko Rantanen,13678146,W/UTIL,7300,DAL@COL 11/01/2019 09:00PM ET,COL,14
G,Connor Hellebuyck (13678955),Connor Hellebuyck,13678955,G,7300,WPG@SJ 11/01/2019 10:30PM ET,WPG,15.92
LW,Jeff Skinner (13678148),Jeff Skinner,13678148,W/UTIL,7200,BUF@WAS 11/01/2019 07:00PM ET,BUF,13.52
G,Ben Bishop (13678957),Ben Bishop,13678957,G,7200,DAL@COL 11/01/2019 09:00PM ET,DAL,11.75
C,Elias Pettersson (13677894),Elias Pettersson,13677894,C/UTIL,7200,VAN@ANH 11/01/2019 10:00PM ET,VAN,13.83
G,Linus Ullmark (13678972),Linus Ullmark,13678972,G,7100,BUF@WAS 11/01/2019 07:00PM ET,BUF,22.28
LW,J.T. Miller (13678150),J.T. Miller,13678150,W/UTIL,7100,VAN@ANH 11/01/2019 10:00PM ET,VAN,12.98
G,Laurent Brossoit (13678971),Laurent Brossoit,13678971,G,7100,WPG@SJ 11/01/2019 10:30PM ET,WPG,4.35
G,Jimmy Howard (13678958),Jimmy Howard,13678958,G,7000,DET@CAR 11/01/2019 07:30PM ET,DET,14.2
G,Anton Khudobin (13678973),Anton Khudobin,13678973,G,7000,DAL@COL 11/01/2019 09:00PM ET,DAL,10.26
C,Steven Stamkos (13677896),Steven Stamkos,13677896,C/UTIL,7000,TB@NYI 11/01/2019 07:00PM ET,TB,12.36
RW,Nikita Kucherov (13678152),Nikita Kucherov,13678152,W/UTIL,7000,TB@NYI 11/01/2019 07:00PM ET,TB,10.93
G,Joonas Korpisalo (13678959),Joonas Korpisalo,13678959,G,6900,CLS@STL 11/01/2019 08:00PM ET,CLS,9.66
LW,Gabriel Landeskog (13678154),Gabriel Landeskog,13678154,W/UTIL,6900,DAL@COL 11/01/2019 09:00PM ET,COL,8.94
G,Jonathan Bernier (13678974),Jonathan Bernier,13678974,G,6800,DET@CAR 11/01/2019 07:30PM ET,DET,9.48
C,Bo Horvat (13677898),Bo Horvat,13677898,C/UTIL,6800,VAN@ANH 11/01/2019 10:00PM ET,VAN,13.43
D,Alexander Edler (13678586),Alexander Edler,13678586,D/UTIL,6800,VAN@ANH 11/01/2019 10:00PM ET,VAN,14.34
LW,Evander Kane (13678156),Evander Kane,13678156,W/UTIL,6800,WPG@SJ 11/01/2019 10:30PM ET,SJ,15.92
G,Elvis Merzlikins (13678975),Elvis Merzlikins,13678975,G,6700,CLS@STL 11/01/2019 08:00PM ET,CLS,8.13
LW,Nikolaj Ehlers (13678158),Nikolaj Ehlers,13678158,W/UTIL,6700,WPG@SJ 11/01/2019 10:30PM ET,WPG,13.3
LW,James van Riemsdyk (13678160),James van Riemsdyk,13678160,W/UTIL,6600,PHI@NJ 11/01/2019 07:00PM ET,PHI,11.4
C,Tyler Seguin (13677900),Tyler Seguin,13677900,C/UTIL,6600,DAL@COL 11/01/2019 09:00PM ET,DAL,10.12
D,Brent Burns (13678588),Brent Burns,13678588,D/UTIL,6600,WPG@SJ 11/01/2019 10:30PM ET,SJ,12.48
RW,Travis Konecny (13678164),Travis Konecny,13678164,W/UTIL,6500,PHI@NJ 11/01/2019 07:00PM ET,PHI,11.84
G,Evan Cormier (13678984),Evan Cormier,13678984,G,6500,PHI@NJ 11/01/2019 07:00PM ET,NJ,0
G,Alex Lyon (13678986),Alex Lyon,13678986,G,6500,PHI@NJ 11/01/2019 07:00PM ET,PHI,0
G,J-F Berube (13678987),J-F Berube,13678987,G,6500,PHI@NJ 11/01/2019 07:00PM ET,PHI,0
G,Pheonix Copley (13678983),Pheonix Copley,13678983,G,6500,BUF@WAS 11/01/2019 07:00PM ET,WAS,0
G,Andrew Hammond (13678997),Andrew Hammond,13678997,G,6500,BUF@WAS 11/01/2019 07:00PM ET,BUF,0
G,Jonas Johansson (13678998),Jonas Johansson,13678998,G,6500,BUF@WAS 11/01/2019 07:00PM ET,BUF,0
C,Dylan Larkin (13677902),Dylan Larkin,13677902,C/UTIL,6500,DET@CAR 11/01/2019 07:30PM ET,DET,11.96
G,Anton Forsberg (13678988),Anton Forsberg,13678988,G,6500,DET@CAR 11/01/2019 07:30PM ET,CAR,0
G,Callum Booth (13678989),Callum Booth,13678989,G,6500,DET@CAR 11/01/2019 07:30PM ET,CAR,0
G,Jeremy Helvig (13678990),Jeremy Helvig,13678990,G,6500,DET@CAR 11/01/2019 07:30PM ET,CAR,0
G,Alex Nedeljkovic (13678991),Alex Nedeljkovic,13678991,G,6500,DET@CAR 11/01/2019 07:30PM ET,CAR,0
G,Calvin Pickard (13678996),Calvin Pickard,13678996,G,6500,DET@CAR 11/01/2019 07:30PM ET,DET,0
G,Matiss Kivlenieks (13678978),Matiss Kivlenieks,13678978,G,6500,CLS@STL 11/01/2019 08:00PM ET,CLS,0
G,Veini Vehvilainen (13678979),Veini Vehvilainen,13678979,G,6500,CLS@STL 11/01/2019 08:00PM ET,CLS,0
G,Ville Husso (13678980),Ville Husso,13678980,G,6500,CLS@STL 11/01/2019 08:00PM ET,STL,0
G,Antoine Bibeau (13678976),Antoine Bibeau,13678976,G,6500,DAL@COL 11/01/2019 09:00PM ET,COL,0
G,Adam Werner (13678977),Adam Werner,13678977,G,6500,DAL@COL 11/01/2019 09:00PM ET,COL,0
G,Landon Bow (13678999),Landon Bow,13678999,G,6500,DAL@COL 11/01/2019 09:00PM ET,DAL,0
G,Michael DiPietro (13678981),Michael DiPietro,13678981,G,6500,VAN@ANH 11/01/2019 10:00PM ET,VAN,0
G,Zane McIntyre (13678982),Zane McIntyre,13678982,G,6500,VAN@ANH 11/01/2019 10:00PM ET,VAN,0
G,Kevin Boyle (13678985),Kevin Boyle,13678985,G,6500,VAN@ANH 11/01/2019 10:00PM ET,ANH,0
RW,Patrik Laine (13678162),Patrik Laine,13678162,W/UTIL,6500,WPG@SJ 11/01/2019 10:30PM ET,WPG,12.41
G,Mikhail Berdin (13678993),Mikhail Berdin,13678993,G,6500,WPG@SJ 11/01/2019 10:30PM ET,WPG,0
G,Christopher Gibson (13678992),Christopher Gibson,13678992,G,6500,TB@NYI 11/01/2019 07:00PM ET,NYI,0
G,Louis Domingue (13678994),Louis Domingue,13678994,G,6500,TB@NYI 11/01/2019 07:00PM ET,TB,0
G,Zach Fucale (13678995),Zach Fucale,13678995,G,6500,TB@NYI 11/01/2019 07:00PM ET,TB,0
RW,Vladimir Tarasenko (13678166),Vladimir Tarasenko,13678166,W/UTIL,6400,CLS@STL 11/01/2019 08:00PM ET,STL,11.76
D,Alex Pietrangelo (13678590),Alex Pietrangelo,13678590,D/UTIL,6400,CLS@STL 11/01/2019 08:00PM ET,STL,11.82
C,Brayden Point (13677904),Brayden Point,13677904,C/UTIL,6400,TB@NYI 11/01/2019 07:00PM ET,TB,12.38
C,Claude Giroux (13677906),Claude Giroux,13677906,C/UTIL,6300,PHI@NJ 11/01/2019 07:00PM ET,PHI,10.29
RW,Kyle Palmieri (13678168),Kyle Palmieri,13678168,W/UTIL,6300,PHI@NJ 11/01/2019 07:00PM ET,NJ,12.12
RW,Anthony Mantha (13678170),Anthony Mantha,13678170,W/UTIL,6200,DET@CAR 11/01/2019 07:30PM ET,DET,14.62
D,Dougie Hamilton (13678592),Dougie Hamilton,13678592,D/UTIL,6200,DET@CAR 11/01/2019 07:30PM ET,CAR,15.24
C,Mark Scheifele (13677908),Mark Scheifele,13677908,C/UTIL,6200,WPG@SJ 11/01/2019 10:30PM ET,WPG,10.27
C,Sebastian Aho (13677910),Sebastian Aho,13677910,C/UTIL,6100,DET@CAR 11/01/2019 07:30PM ET,CAR,9.08
LW,Kyle Connor (13678172),Kyle Connor,13678172,W/UTIL,6100,WPG@SJ 11/01/2019 10:30PM ET,WPG,11
D,Victor Hedman (13678594),Victor Hedman,13678594,D/UTIL,6100,TB@NYI 11/01/2019 07:00PM ET,TB,9.58
LW,Alexander Radulov (13678174),Alexander Radulov,13678174,W/UTIL,6000,DAL@COL 11/01/2019 09:00PM ET,DAL,9.85
C,Ryan Getzlaf (13677912),Ryan Getzlaf,13677912,C/UTIL,6000,VAN@ANH 11/01/2019 10:00PM ET,ANH,10.71
LW,Andrei Svechnikov (13678176),Andrei Svechnikov,13678176,W/UTIL,5900,DET@CAR 11/01/2019 07:30PM ET,CAR,11.19
RW,David Perron (13678178),David Perron,13678178,W/UTIL,5900,CLS@STL 11/01/2019 08:00PM ET,STL,10.87
D,Seth Jones (13678596),Seth Jones,13678596,D/UTIL,5900,CLS@STL 11/01/2019 08:00PM ET,CLS,10.58
C,Mathew Barzal (13677914),Mathew Barzal,13677914,C/UTIL,5900,TB@NYI 11/01/2019 07:00PM ET,NYI,11.13
C,Brayden Schenn (13677916),Brayden Schenn,13677916,C/UTIL,5800,CLS@STL 11/01/2019 08:00PM ET,STL,11.28
RW,Blake Wheeler (13678180),Blake Wheeler,13678180,W/UTIL,5800,WPG@SJ 11/01/2019 10:30PM ET,WPG,10.44
RW,T.J. Oshie (13678182),T.J. Oshie,13678182,W/UTIL,5700,BUF@WAS 11/01/2019 07:00PM ET,WAS,10.27
D,Josh Morrissey (13678598),Josh Morrissey,13678598,D/UTIL,5700,WPG@SJ 11/01/2019 10:30PM ET,WPG,9.83
C,Brock Nelson (13677918),Brock Nelson,13677918,C/UTIL,5700,TB@NYI 11/01/2019 07:00PM ET,NYI,12.71
C,Nicklas Backstrom (13677920),Nicklas Backstrom,13677920,C/UTIL,5600,BUF@WAS 11/01/2019 07:00PM ET,WAS,9.59
LW,Nazem Kadri (13678184),Nazem Kadri,13678184,W/UTIL,5600,DAL@COL 11/01/2019 09:00PM ET,COL,8.52
D,Dustin Byfuglien (13678600),Dustin Byfuglien,13678600,D/UTIL,5600,WPG@SJ 11/01/2019 10:30PM ET,WPG,0
C,Sean Couturier (13677922),Sean Couturier,13677922,C/UTIL,5500,PHI@NJ 11/01/2019 07:00PM ET,PHI,8.86
RW,Sam Reinhart (13678186),Sam Reinhart,13678186,W/UTIL,5500,BUF@WAS 11/01/2019 07:00PM ET,BUF,9.42
D,Rasmus Dahlin (13678602),Rasmus Dahlin,13678602,D/UTIL,5500,BUF@WAS 11/01/2019 07:00PM ET,BUF,7.92
LW,Victor Olofsson (13678190),Victor Olofsson,13678190,W/UTIL,5400,BUF@WAS 11/01/2019 07:00PM ET,BUF,8.99
C,Pierre-Luc Dubois (13677924),Pierre-Luc Dubois,13677924,C/UTIL,5400,CLS@STL 11/01/2019 08:00PM ET,CLS,10.14
RW,Cam Atkinson (13678188),Cam Atkinson,13678188,W/UTIL,5400,CLS@STL 11/01/2019 08:00PM ET,CLS,11.49
D,Erik Karlsson (13678604),Erik Karlsson,13678604,D/UTIL,5400,WPG@SJ 11/01/2019 10:30PM ET,SJ,9.51
RW,Jakub Voracek (13678192),Jakub Voracek,13678192,W/UTIL,5300,PHI@NJ 11/01/2019 07:00PM ET,PHI,9.81
C,Tomas Hertl (13677926),Tomas Hertl,13677926,C/UTIL,5300,WPG@SJ 11/01/2019 10:30PM ET,SJ,10.06
D,Mikhail Sergachev (13678606),Mikhail Sergachev,13678606,D/UTIL,5300,TB@NYI 11/01/2019 07:00PM ET,TB,8.82
LW,Oskar Lindblom (13678194),Oskar Lindblom,13678194,W/UTIL,5200,PHI@NJ 11/01/2019 07:00PM ET,PHI,9.46
C,Evgeny Kuznetsov (13677928),Evgeny Kuznetsov,13677928,C/UTIL,5200,BUF@WAS 11/01/2019 07:00PM ET,WAS,10.13
D,Cale Makar (13678608),Cale Makar,13678608,D/UTIL,5200,DAL@COL 11/01/2019 09:00PM ET,COL,8.72
LW,Tyler Bertuzzi (13678196),Tyler Bertuzzi,13678196,W/UTIL,5100,DET@CAR 11/01/2019 07:30PM ET,DET,10.09
C,Ryan O'Reilly (13677930),Ryan O'Reilly,13677930,C/UTIL,5100,CLS@STL 11/01/2019 08:00PM ET,STL,9.84
RW,Jakob Silfverberg (13678198),Jakob Silfverberg,13678198,W/UTIL,5100,VAN@ANH 11/01/2019 10:00PM ET,ANH,9.33
RW,Wayne Simmonds (13678202),Wayne Simmonds,13678202,W/UTIL,5000,PHI@NJ 11/01/2019 07:00PM ET,NJ,8.82
D,Sami Vatanen (13678612),Sami Vatanen,13678612,D/UTIL,5000,PHI@NJ 11/01/2019 07:00PM ET,NJ,9.39
C,Erik Haula (13677932),Erik Haula,13677932,C/UTIL,5000,DET@CAR 11/01/2019 07:30PM ET,CAR,10.48
RW,Joonas Donskoi (13678200),Joonas Donskoi,13678200,W/UTIL,5000,DAL@COL 11/01/2019 09:00PM ET,COL,8.21
D,Kevin Shattenkirk (13678610),Kevin Shattenkirk,13678610,D/UTIL,5000,TB@NYI 11/01/2019 07:00PM ET,TB,11.22
LW,Jakub Vrana (13678206),Jakub Vrana,13678206,W/UTIL,4900,BUF@WAS 11/01/2019 07:00PM ET,WAS,8.46
RW,Teuvo Teravainen (13678204),Teuvo Teravainen,13678204,W/UTIL,4900,DET@CAR 11/01/2019 07:30PM ET,CAR,9.16
D,Miro Heiskanen (13678614),Miro Heiskanen,13678614,D/UTIL,4900,DAL@COL 11/01/2019 09:00PM ET,DAL,9.24
D,Quinn Hughes (13678616),Quinn Hughes,13678616,D/UTIL,4900,VAN@ANH 11/01/2019 10:00PM ET,VAN,7.05
C,Logan Couture (13677934),Logan Couture,13677934,C/UTIL,4900,WPG@SJ 11/01/2019 10:30PM ET,SJ,8.62
D,Jaccob Slavin (13678620),Jaccob Slavin,13678620,D/UTIL,4800,DET@CAR 11/01/2019 07:30PM ET,CAR,10.33
C,Adam Henrique (13677936),Adam Henrique,13677936,C/UTIL,4800,VAN@ANH 11/01/2019 10:00PM ET,ANH,9.48
RW,Kevin Labanc (13678208),Kevin Labanc,13678208,W/UTIL,4800,WPG@SJ 11/01/2019 10:30PM ET,SJ,8.38
RW,Tyler Johnson (13678210),Tyler Johnson,13678210,W/UTIL,4800,TB@NYI 11/01/2019 07:00PM ET,TB,8.63
D,Johnny Boychuk (13678618),Johnny Boychuk,13678618,D/UTIL,4800,TB@NYI 11/01/2019 07:00PM ET,NYI,10.41
C,Jack Hughes (13677938),Jack Hughes,13677938,C/UTIL,4700,PHI@NJ 11/01/2019 07:00PM ET,NJ,6.89
RW,Tom Wilson (13678216),Tom Wilson,13678216,W/UTIL,4700,BUF@WAS 11/01/2019 07:00PM ET,WAS,8.71
D,Filip Hronek (13678622),Filip Hronek,13678622,D/UTIL,4700,DET@CAR 11/01/2019 07:30PM ET,DET,9.28
D,Zach Werenski (13678624),Zach Werenski,13678624,D/UTIL,4700,CLS@STL 11/01/2019 08:00PM ET,CLS,9.12
LW,Jamie Benn (13678214),Jamie Benn,13678214,W/UTIL,4700,DAL@COL 11/01/2019 09:00PM ET,DAL,7.27
RW,Joe Pavelski (13678218),Joe Pavelski,13678218,W/UTIL,4700,DAL@COL 11/01/2019 09:00PM ET,DAL,5.93
D,John Klingberg (13678626),John Klingberg,13678626,D/UTIL,4700,DAL@COL 11/01/2019 09:00PM ET,DAL,7.2
LW,Tanner Pearson (13678212),Tanner Pearson,13678212,W/UTIL,4700,VAN@ANH 11/01/2019 10:00PM ET,VAN,8.64
D,Ryan Pulock (13678628),Ryan Pulock,13678628,D/UTIL,4700,TB@NYI 11/01/2019 07:00PM ET,NYI,8.71
D,P.K. Subban (13678630),P.K. Subban,13678630,D/UTIL,4600,PHI@NJ 11/01/2019 07:00PM ET,NJ,7.46
C,Lars Eller (13677940),Lars Eller,13677940,C/UTIL,4600,BUF@WAS 11/01/2019 07:00PM ET,WAS,8.55
D,Brett Pesce (13678632),Brett Pesce,13678632,D/UTIL,4600,DET@CAR 11/01/2019 07:30PM ET,CAR,8.88
D,Hampus Lindholm (13678634),Hampus Lindholm,13678634,D/UTIL,4600,VAN@ANH 11/01/2019 10:00PM ET,ANH,8.69
LW,Anders Lee (13678220),Anders Lee,13678220,W/UTIL,4600,TB@NYI 11/01/2019 07:00PM ET,NYI,7.03
LW,Ondrej Palat (13678222),Ondrej Palat,13678222,W/UTIL,4600,TB@NYI 11/01/2019 07:00PM ET,TB,9.75
C,Kevin Hayes (13677942),Kevin Hayes,13677942,C/UTIL,4500,PHI@NJ 11/01/2019 07:00PM ET,PHI,9.78
D,Michal Kempny (13678636),Michal Kempny,13678636,D/UTIL,4500,BUF@WAS 11/01/2019 07:00PM ET,WAS,10.33
RW,Timo Meier (13678226),Timo Meier,13678226,W/UTIL,4500,WPG@SJ 11/01/2019 10:30PM ET,SJ,7.58
D,Neal Pionk (13678638),Neal Pionk,13678638,D/UTIL,4500,WPG@SJ 11/01/2019 10:30PM ET,WPG,8.43
RW,Josh Bailey (13678224),Josh Bailey,13678224,W/UTIL,4500,TB@NYI 11/01/2019 07:00PM ET,NYI,7.71
C,Roope Hintz (13677944),Roope Hintz,13677944,C/UTIL,4400,DAL@COL 11/01/2019 09:00PM ET,DAL,7.76
LW,Rickard Rakell (13678230),Rickard Rakell,13678230,W/UTIL,4400,VAN@ANH 11/01/2019 10:00PM ET,ANH,8.66
D,Nick Leddy (13678640),Nick Leddy,13678640,D/UTIL,4400,TB@NYI 11/01/2019 07:00PM ET,NYI,8.45
D,Ivan Provorov (13678642),Ivan Provorov,13678642,D/UTIL,4300,PHI@NJ 11/01/2019 07:00PM ET,PHI,8.22
LW,Jaden Schwartz (13678228),Jaden Schwartz,13678228,W/UTIL,4300,CLS@STL 11/01/2019 08:00PM ET,STL,7.85
C,Brandon Sutter (13677946),Brandon Sutter,13677946,C/UTIL,4300,VAN@ANH 11/01/2019 10:00PM ET,VAN,7.88
D,Devon Toews (13678644),Devon Toews,13678644,D/UTIL,4300,TB@NYI 11/01/2019 07:00PM ET,NYI,8.74
D,Rasmus Ristolainen (13678648),Rasmus Ristolainen,13678648,D/UTIL,4200,BUF@WAS 11/01/2019 07:00PM ET,BUF,7.63
D,Colton Parayko (13678646),Colton Parayko,13678646,D/UTIL,4200,CLS@STL 11/01/2019 08:00PM ET,STL,8.43
LW,Andre Burakovsky (13678232),Andre Burakovsky,13678232,W/UTIL,4200,DAL@COL 11/01/2019 09:00PM ET,COL,9.19
C,Bryan Little (13677948),Bryan Little,13677948,C/UTIL,4200,WPG@SJ 11/01/2019 10:30PM ET,WPG,11.52
D,Jake McCabe (13678650),Jake McCabe,13678650,D/UTIL,4100,BUF@WAS 11/01/2019 07:00PM ET,BUF,8.32
C,Jordan Staal (13677950),Jordan Staal,13677950,C/UTIL,4100,DET@CAR 11/01/2019 07:30PM ET,CAR,5.96
LW,Ryan Dzingel (13678236),Ryan Dzingel,13678236,W/UTIL,4100,DET@CAR 11/01/2019 07:30PM ET,CAR,7.25
D,Mike Green (13678652),Mike Green,13678652,D/UTIL,4100,DET@CAR 11/01/2019 07:30PM ET,DET,7.89
D,Justin Faulk (13678654),Justin Faulk,13678654,D/UTIL,4100,CLS@STL 11/01/2019 08:00PM ET,STL,6.26
LW,Anthony Beauvillier (13678234),Anthony Beauvillier,13678234,W/UTIL,4100,TB@NYI 11/01/2019 07:00PM ET,NYI,7.26
C,Nico Hischier (13677952),Nico Hischier,13677952,C/UTIL,4000,PHI@NJ 11/01/2019 07:00PM ET,NJ,5.42
LW,Andreas Athanasiou (13678242),Andreas Athanasiou,13678242,W/UTIL,4000,DET@CAR 11/01/2019 07:30PM ET,DET,5.11
LW,Nino Niederreiter (13678244),Nino Niederreiter,13678244,W/UTIL,4000,DET@CAR 11/01/2019 07:30PM ET,CAR,5.47
D,Danny DeKeyser (13678658),Danny DeKeyser,13678658,D/UTIL,4000,DET@CAR 11/01/2019 07:30PM ET,DET,9.18
RW,J.T. Compher (13678240),J.T. Compher,13678240,W/UTIL,4000,DAL@COL 11/01/2019 09:00PM ET,COL,5.99
D,Cam Fowler (13678656),Cam Fowler,13678656,D/UTIL,4000,VAN@ANH 11/01/2019 10:00PM ET,ANH,7.34
LW,Patrick Marleau (13678238),Patrick Marleau,13678238,W/UTIL,4000,WPG@SJ 11/01/2019 10:30PM ET,SJ,7.17
RW,Jordan Eberle (13678246),Jordan Eberle,13678246,W/UTIL,4000,TB@NYI 11/01/2019 07:00PM ET,NYI,6.56
LW,Blake Coleman (13678250),Blake Coleman,13678250,W/UTIL,3900,PHI@NJ 11/01/2019 07:00PM ET,NJ,7.41
D,Shayne Gostisbehere (13678660),Shayne Gostisbehere,13678660,D/UTIL,3900,PHI@NJ 11/01/2019 07:00PM ET,PHI,6.63
C,Marcus Johansson (13677954),Marcus Johansson,13677954,C/UTIL,3900,BUF@WAS 11/01/2019 07:00PM ET,BUF,6.28
LW,Nick Foligno (13678248),Nick Foligno,13678248,W/UTIL,3900,CLS@STL 11/01/2019 08:00PM ET,CLS,6.89
RW,Ondrej Kase (13678252),Ondrej Kase,13678252,W/UTIL,3900,VAN@ANH 11/01/2019 10:00PM ET,ANH,6.68
C,Nolan Patrick (13677956),Nolan Patrick,13677956,C/UTIL,3800,PHI@NJ 11/01/2019 07:00PM ET,PHI,0
D,Matt Niskanen (13678662),Matt Niskanen,13678662,D/UTIL,3800,PHI@NJ 11/01/2019 07:00PM ET,PHI,7.6
RW,Josh Anderson (13678254),Josh Anderson,13678254,W/UTIL,3800,CLS@STL 11/01/2019 08:00PM ET,CLS,6.8
D,Ryan Murray (13678670),Ryan Murray,13678670,D/UTIL,3800,CLS@STL 11/01/2019 08:00PM ET,CLS,8.68
D,Erik Johnson (13678664),Erik Johnson,13678664,D/UTIL,3800,DAL@COL 11/01/2019 09:00PM ET,COL,7.59
D,Ian Cole (13678668),Ian Cole,13678668,D/UTIL,3800,DAL@COL 11/01/2019 09:00PM ET,COL,8.44
D,Tyler Myers (13678666),Tyler Myers,13678666,D/UTIL,3800,VAN@ANH 11/01/2019 10:00PM ET,VAN,6.39
LW,Pavel Zacha (13678256),Pavel Zacha,13678256,W/UTIL,3700,PHI@NJ 11/01/2019 07:00PM ET,NJ,7.4
D,Radko Gudas (13678674),Radko Gudas,13678674,D/UTIL,3700,BUF@WAS 11/01/2019 07:00PM ET,WAS,7.15
C,Tyson Jost (13677958),Tyson Jost,13677958,C/UTIL,3700,DAL@COL 11/01/2019 09:00PM ET,COL,6.84
RW,Josh Leivo (13678258),Josh Leivo,13678258,W/UTIL,3700,VAN@ANH 11/01/2019 10:00PM ET,VAN,7.18
D,Christopher Tanev (13678672),Christopher Tanev,13678672,D/UTIL,3700,VAN@ANH 11/01/2019 10:00PM ET,VAN,8.47
D,Dmitry Orlov (13678676),Dmitry Orlov,13678676,D/UTIL,3600,BUF@WAS 11/01/2019 07:00PM ET,WAS,6.94
C,Boone Jenner (13677960),Boone Jenner,13677960,C/UTIL,3600,CLS@STL 11/01/2019 08:00PM ET,CLS,7.14
LW,Gustav Nyquist (13678262),Gustav Nyquist,13678262,W/UTIL,3600,CLS@STL 11/01/2019 08:00PM ET,CLS,7.5
D,Vince Dunn (13678678),Vince Dunn,13678678,D/UTIL,3600,CLS@STL 11/01/2019 08:00PM ET,STL,6.24
RW,Jake Virtanen (13678260),Jake Virtanen,13678260,W/UTIL,3600,VAN@ANH 11/01/2019 10:00PM ET,VAN,5.95
D,Andy Greene (13678688),Andy Greene,13678688,D/UTIL,3500,PHI@NJ 11/01/2019 07:00PM ET,NJ,7.85
C,Valtteri Filppula (13677962),Valtteri Filppula,13677962,C/UTIL,3500,DET@CAR 11/01/2019 07:30PM ET,DET,3.82
RW,Sammy Blais (13678264),Sammy Blais,13678264,W/UTIL,3500,CLS@STL 11/01/2019 08:00PM ET,STL,6.64
LW,Alexander Steen (13678266),Alexander Steen,13678266,W/UTIL,3500,CLS@STL 11/01/2019 08:00PM ET,STL,5.86
D,Esa Lindell (13678680),Esa Lindell,13678680,D/UTIL,3500,DAL@COL 11/01/2019 09:00PM ET,DAL,6.06
D,Samuel Girard (13678682),Samuel Girard,13678682,D/UTIL,3500,DAL@COL 11/01/2019 09:00PM ET,COL,6.59
LW,Alex Killorn (13678268),Alex Killorn,13678268,W/UTIL,3500,TB@NYI 11/01/2019 07:00PM ET,TB,6.28
D,Ryan McDonagh (13678684),Ryan McDonagh,13678684,D/UTIL,3500,TB@NYI 11/01/2019 07:00PM ET,TB,6.41
D,Adam Pelech (13678686),Adam Pelech,13678686,D/UTIL,3500,TB@NYI 11/01/2019 07:00PM ET,NYI,9.06
C,Alexander Wennberg (13677964),Alexander Wennberg,13677964,C/UTIL,3400,CLS@STL 11/01/2019 08:00PM ET,CLS,4.71
RW,Mathieu Joseph (13678270),Mathieu Joseph,13678270,W/UTIL,3400,TB@NYI 11/01/2019 07:00PM ET,TB,5.27
D,Scott Mayfield (13678690),Scott Mayfield,13678690,D/UTIL,3400,TB@NYI 11/01/2019 07:00PM ET,NYI,7.41
RW,Nikita Gusev (13678282),Nikita Gusev,13678282,W/UTIL,3300,PHI@NJ 11/01/2019 07:00PM ET,NJ,6.39
LW,Conor Sheary (13678278),Conor Sheary,13678278,W/UTIL,3300,BUF@WAS 11/01/2019 07:00PM ET,BUF,5.84
D,Colin Miller (13678692),Colin Miller,13678692,D/UTIL,3300,BUF@WAS 11/01/2019 07:00PM ET,BUF,5.71
RW,Darren Helm (13678274),Darren Helm,13678274,W/UTIL,3300,DET@CAR 11/01/2019 07:30PM ET,DET,6.95
D,Jake Gardiner (13678694),Jake Gardiner,13678694,D/UTIL,3300,DET@CAR 11/01/2019 07:30PM ET,CAR,5.18
D,Dennis Cholowski (13678696),Dennis Cholowski,13678696,D/UTIL,3300,DET@CAR 11/01/2019 07:30PM ET,DET,5.77
RW,Oliver Bjorkstrand (13678276),Oliver Bjorkstrand,13678276,W/UTIL,3300,CLS@STL 11/01/2019 08:00PM ET,CLS,6.16
RW,Robert Thomas (13678280),Robert Thomas,13678280,W/UTIL,3300,CLS@STL 11/01/2019 08:00PM ET,STL,2.94
LW,Nick Ritchie (13678272),Nick Ritchie,13678272,W/UTIL,3300,VAN@ANH 11/01/2019 10:00PM ET,ANH,6.58
C,Anthony Cirelli (13677966),Anthony Cirelli,13677966,C/UTIL,3300,TB@NYI 11/01/2019 07:00PM ET,TB,6.84
RW,Joel Farabee (13678286),Joel Farabee,13678286,W/UTIL,3200,PHI@NJ 11/01/2019 07:00PM ET,PHI,5.16
D,Henri Jokiharju (13678702),Henri Jokiharju,13678702,D/UTIL,3200,BUF@WAS 11/01/2019 07:00PM ET,BUF,5.46
C,Tyler Bozak (13677968),Tyler Bozak,13677968,C/UTIL,3200,CLS@STL 11/01/2019 08:00PM ET,STL,4.35
LW,Zach Sanford (13678284),Zach Sanford,13678284,W/UTIL,3200,CLS@STL 11/01/2019 08:00PM ET,STL,3.65
D,Ryan Graves (13678700),Ryan Graves,13678700,D/UTIL,3200,DAL@COL 11/01/2019 09:00PM ET,COL,6.83
D,Marc-Edouard Vlasic (13678698),Marc-Edouard Vlasic,13678698,D/UTIL,3200,WPG@SJ 11/01/2019 10:30PM ET,SJ,3.97
C,Travis Zajac (13677970),Travis Zajac,13677970,C/UTIL,3100,PHI@NJ 11/01/2019 07:00PM ET,NJ,3.75
LW,Michael Raffl (13678290),Michael Raffl,13678290,W/UTIL,3100,PHI@NJ 11/01/2019 07:00PM ET,PHI,6.53
D,Will Butcher (13678710),Will Butcher,13678710,D/UTIL,3100,PHI@NJ 11/01/2019 07:00PM ET,NJ,5.79
D,Brandon Montour (13678706),Brandon Montour,13678706,D/UTIL,3100,BUF@WAS 11/01/2019 07:00PM ET,BUF,0
D,Marco Scandella (13678712),Marco Scandella,13678712,D/UTIL,3100,BUF@WAS 11/01/2019 07:00PM ET,BUF,6.17
D,Patrik Nemeth (13678704),Patrik Nemeth,13678704,D/UTIL,3100,DET@CAR 11/01/2019 07:30PM ET,DET,6.68
RW,Corey Perry (13678288),Corey Perry,13678288,W/UTIL,3100,DAL@COL 11/01/2019 09:00PM ET,DAL,5.34
RW,Matt Calvert (13678292),Matt Calvert,13678292,W/UTIL,3100,DAL@COL 11/01/2019 09:00PM ET,COL,6.73
D,Korbinian Holzer (13678708),Korbinian Holzer,13678708,D/UTIL,3100,VAN@ANH 11/01/2019 10:00PM ET,ANH,5.77
C,Yanni Gourde (13678294),Yanni Gourde,13678294,C/UTIL,3100,TB@NYI 11/01/2019 07:00PM ET,TB,5.5
RW,Jesper Bratt (13678296),Jesper Bratt,13678296,W/UTIL,3000,PHI@NJ 11/01/2019 07:00PM ET,NJ,6.07
D,Damon Severson (13678716),Damon Severson,13678716,D/UTIL,3000,PHI@NJ 11/01/2019 07:00PM ET,NJ,4.02
D,Justin Braun (13678720),Justin Braun,13678720,D/UTIL,3000,PHI@NJ 11/01/2019 07:00PM ET,PHI,5.49
RW,Luke Glendening (13678300),Luke Glendening,13678300,W/UTIL,3000,DET@CAR 11/01/2019 07:30PM ET,DET,6.44
C,Brandon Dubinsky (13677972),Brandon Dubinsky,13677972,C/UTIL,3000,CLS@STL 11/01/2019 08:00PM ET,CLS,0
LW,Alexandre Texier (13678302),Alexandre Texier,13678302,W/UTIL,3000,CLS@STL 11/01/2019 08:00PM ET,CLS,4.28
D,Josh Mahura (13678714),Josh Mahura,13678714,D/UTIL,3000,VAN@ANH 11/01/2019 10:00PM ET,ANH,22.1
D,Dmitry Kulikov (13678718),Dmitry Kulikov,13678718,D/UTIL,3000,WPG@SJ 11/01/2019 10:30PM ET,WPG,5.79
RW,Derick Brassard (13678298),Derick Brassard,13678298,W/UTIL,3000,TB@NYI 11/01/2019 07:00PM ET,NYI,5.8
D,Erik Cernak (13678722),Erik Cernak,13678722,D/UTIL,3000,TB@NYI 11/01/2019 07:00PM ET,TB,5.34
C,Casey Mittelstadt (13677974),Casey Mittelstadt,13677974,C/UTIL,2900,BUF@WAS 11/01/2019 07:00PM ET,BUF,6.01
RW,Vladimir Sobotka (13678308),Vladimir Sobotka,13678308,W/UTIL,2900,BUF@WAS 11/01/2019 07:00PM ET,BUF,4.32
RW,Warren Foegele (13678310),Warren Foegele,13678310,W/UTIL,2900,DET@CAR 11/01/2019 07:30PM ET,CAR,3.47
D,Jay Bouwmeester (13678724),Jay Bouwmeester,13678724,D/UTIL,2900,CLS@STL 11/01/2019 08:00PM ET,STL,5.17
D,David Savard (13678728),David Savard,13678728,D/UTIL,2900,CLS@STL 11/01/2019 08:00PM ET,CLS,4.5
LW,Matt Nieto (13678312),Matt Nieto,13678312,W/UTIL,2900,DAL@COL 11/01/2019 09:00PM ET,COL,6.43
D,Taylor Fedun (13678730),Taylor Fedun,13678730,D/UTIL,2900,DAL@COL 11/01/2019 09:00PM ET,DAL,5.4
D,Andrej Sekera (13678734),Andrej Sekera,13678734,D/UTIL,2900,DAL@COL 11/01/2019 09:00PM ET,DAL,5.57
RW,Max Comtois (13678304),Max Comtois,13678304,W/UTIL,2900,VAN@ANH 11/01/2019 10:00PM ET,ANH,4.7
D,Michael Del Zotto (13678726),Michael Del Zotto,13678726,D/UTIL,2900,VAN@ANH 11/01/2019 10:00PM ET,ANH,4.76
C,Adam Lowry (13677984),Adam Lowry,13677984,C/UTIL,2900,WPG@SJ 11/01/2019 10:30PM ET,WPG,2.37
RW,Jack Roslovic (13678306),Jack Roslovic,13678306,W/UTIL,2900,WPG@SJ 11/01/2019 10:30PM ET,WPG,5.55
D,Ville Heinola (13678732),Ville Heinola,13678732,D/UTIL,2900,WPG@SJ 11/01/2019 10:30PM ET,WPG,7
LW,Miles Wood (13678322),Miles Wood,13678322,W/UTIL,2800,PHI@NJ 11/01/2019 07:00PM ET,NJ,4.78
D,Travis Sanheim (13678736),Travis Sanheim,13678736,D/UTIL,2800,PHI@NJ 11/01/2019 07:00PM ET,PHI,4.98
D,Robert Hagg (13678740),Robert Hagg,13678740,D/UTIL,2800,PHI@NJ 11/01/2019 07:00PM ET,PHI,5.78
RW,Garnet Hathaway (13678316),Garnet Hathaway,13678316,W/UTIL,2800,BUF@WAS 11/01/2019 07:00PM ET,WAS,5.35
RW,Kyle Okposo (13678324),Kyle Okposo,13678324,W/UTIL,2800,BUF@WAS 11/01/2019 07:00PM ET,BUF,4.34
C,Frans Nielsen (13677976),Frans Nielsen,13677976,C/UTIL,2800,DET@CAR 11/01/2019 07:30PM ET,DET,2.75
RW,Martin Necas (13678314),Martin Necas,13678314,W/UTIL,2800,DET@CAR 11/01/2019 07:30PM ET,CAR,5.25
LW,Justin Abdelkader (13678326),Justin Abdelkader,13678326,W/UTIL,2800,DET@CAR 11/01/2019 07:30PM ET,DET,3.93
D,Markus Nutivaara (13678738),Markus Nutivaara,13678738,D/UTIL,2800,CLS@STL 11/01/2019 08:00PM ET,CLS,6.33
C,Jason Dickinson (13677980),Jason Dickinson,13677980,C/UTIL,2800,DAL@COL 11/01/2019 09:00PM ET,DAL,2.54
LW,Colin Wilson (13677982),Colin Wilson,13677982,W/UTIL,2800,DAL@COL 11/01/2019 09:00PM ET,COL,4.84
D,Nikita Zadorov (13678744),Nikita Zadorov,13678744,D/UTIL,2800,DAL@COL 11/01/2019 09:00PM ET,COL,5.13
LW,Micheal Ferland (13678318),Micheal Ferland,13678318,W/UTIL,2800,VAN@ANH 11/01/2019 10:00PM ET,VAN,4.11
RW,Troy Terry (13678320),Troy Terry,13678320,W/UTIL,2800,VAN@ANH 11/01/2019 10:00PM ET,ANH,4.01
D,Josh Manson (13678742),Josh Manson,13678742,D/UTIL,2800,VAN@ANH 11/01/2019 10:00PM ET,ANH,5.46
C,Joe Thornton (13677978),Joe Thornton,13677978,C/UTIL,2800,WPG@SJ 11/01/2019 10:30PM ET,SJ,3.11
LW,Carl Hagelin (13678332),Carl Hagelin,13678332,W/UTIL,2700,BUF@WAS 11/01/2019 07:00PM ET,WAS,4.79
RW,Evan Rodrigues (13678334),Evan Rodrigues,13678334,W/UTIL,2700,BUF@WAS 11/01/2019 07:00PM ET,BUF,2.97
D,John Gilmour (13678752),John Gilmour,13678752,D/UTIL,2700,BUF@WAS 11/01/2019 07:00PM ET,BUF,2.9
LW,Taro Hirose (13678336),Taro Hirose,13678336,W/UTIL,2700,DET@CAR 11/01/2019 07:30PM ET,DET,3.68
D,Joel Edmundson (13678746),Joel Edmundson,13678746,D/UTIL,2700,DET@CAR 11/01/2019 07:30PM ET,CAR,4.99
D,Alex Biega (13678750),Alex Biega,13678750,D/UTIL,2700,DET@CAR 11/01/2019 07:30PM ET,DET,5.05
RW,Oskar Sundqvist (13678344),Oskar Sundqvist,13678344,W/UTIL,2700,CLS@STL 11/01/2019 08:00PM ET,STL,3.55
C,Sam Steel (13677986),Sam Steel,13677986,C/UTIL,2700,VAN@ANH 11/01/2019 10:00PM ET,ANH,3.37
LW,Tim Schaller (13678340),Tim Schaller,13678340,W/UTIL,2700,VAN@ANH 11/01/2019 10:00PM ET,VAN,6.26
RW,Carter Rowney (13678342),Carter Rowney,13678342,W/UTIL,2700,VAN@ANH 11/01/2019 10:00PM ET,ANH,4.66
D,Brendan Guhle (13678754),Brendan Guhle,13678754,D/UTIL,2700,VAN@ANH 11/01/2019 10:00PM ET,ANH,6.36
RW,Lukas Radil (13678330),Lukas Radil,13678330,W/UTIL,2700,WPG@SJ 11/01/2019 10:30PM ET,SJ,1.66
LW,Mathieu Perreault (13678338),Mathieu Perreault,13678338,W/UTIL,2700,WPG@SJ 11/01/2019 10:30PM ET,WPG,4.3
LW,Alexander Volkov (13678328),Alexander Volkov,13678328,W/UTIL,2700,TB@NYI 11/01/2019 07:00PM ET,TB,0
D,Jan Rutta (13678748),Jan Rutta,13678748,D/UTIL,2700,TB@NYI 11/01/2019 07:00PM ET,TB,7.8
LW,Scott Laughton (13678364),Scott Laughton,13678364,W/UTIL,2600,PHI@NJ 11/01/2019 07:00PM ET,PHI,5.13
D,Connor Carrick (13678766),Connor Carrick,13678766,D/UTIL,2600,PHI@NJ 11/01/2019 07:00PM ET,NJ,5.45
LW,Zemgus Girgensons (13678348),Zemgus Girgensons,13678348,W/UTIL,2600,BUF@WAS 11/01/2019 07:00PM ET,BUF,3.64
LW,Jimmy Vesey (13678362),Jimmy Vesey,13678362,W/UTIL,2600,BUF@WAS 11/01/2019 07:00PM ET,BUF,3.16
D,Zach Bogosian (13678764),Zach Bogosian,13678764,D/UTIL,2600,BUF@WAS 11/01/2019 07:00PM ET,BUF,0
RW,Brendan Perlini (13678350),Brendan Perlini,13678350,W/UTIL,2600,DET@CAR 11/01/2019 07:30PM ET,DET,1.5
RW,Jordan Martinook (13678360),Jordan Martinook,13678360,W/UTIL,2600,DET@CAR 11/01/2019 07:30PM ET,CAR,3.02
D,Joe Hicketts (13678758),Joe Hicketts,13678758,D/UTIL,2600,DET@CAR 11/01/2019 07:30PM ET,DET,2.8
LW,Sonny Milano (13678346),Sonny Milano,13678346,W/UTIL,2600,CLS@STL 11/01/2019 08:00PM ET,CLS,5
RW,Emil Bemstrom (13678352),Emil Bemstrom,13678352,W/UTIL,2600,CLS@STL 11/01/2019 08:00PM ET,CLS,3.72
LW,Robby Fabbri (13678358),Robby Fabbri,13678358,W/UTIL,2600,CLS@STL 11/01/2019 08:00PM ET,STL,2.26
D,Robert Bortuzzo (13678768),Robert Bortuzzo,13678768,D/UTIL,2600,CLS@STL 11/01/2019 08:00PM ET,STL,2.53
D,Scott Harrington (13678770),Scott Harrington,13678770,D/UTIL,2600,CLS@STL 11/01/2019 08:00PM ET,CLS,6.25
D,Mark Barberio (13678762),Mark Barberio,13678762,D/UTIL,2600,DAL@COL 11/01/2019 09:00PM ET,COL,5.28
C,Derek Grant (13677992),Derek Grant,13677992,C/UTIL,2600,VAN@ANH 11/01/2019 10:00PM ET,ANH,5.59
D,Jordie Benn (13678760),Jordie Benn,13678760,D/UTIL,2600,VAN@ANH 11/01/2019 10:00PM ET,VAN,3.88
C,Andrew Copp (13677988),Andrew Copp,13677988,C/UTIL,2600,WPG@SJ 11/01/2019 10:30PM ET,WPG,3.82
C,Dylan Gambrell (13677994),Dylan Gambrell,13677994,C/UTIL,2600,WPG@SJ 11/01/2019 10:30PM ET,SJ,3.84
C,Cole Bardreau (13677990),Cole Bardreau,13677990,C/UTIL,2600,TB@NYI 11/01/2019 07:00PM ET,NYI,2.38
C,Leo Komarov (13677996),Leo Komarov,13677996,C/UTIL,2600,TB@NYI 11/01/2019 07:00PM ET,NYI,3.87
LW,Michael Dal Colle (13678354),Michael Dal Colle,13678354,W/UTIL,2600,TB@NYI 11/01/2019 07:00PM ET,NYI,2.9
RW,Cal Clutterbuck (13678356),Cal Clutterbuck,13678356,W/UTIL,2600,TB@NYI 11/01/2019 07:00PM ET,NYI,4.32
D,Luke Schenn (13678756),Luke Schenn,13678756,D/UTIL,2600,TB@NYI 11/01/2019 07:00PM ET,TB,4.1
C,German Rubtsov (13678006),German Rubtsov,13678006,C/UTIL,2500,PHI@NJ 11/01/2019 07:00PM ET,PHI,0
C,Kevin Rooney (13678020),Kevin Rooney,13678020,C/UTIL,2500,PHI@NJ 11/01/2019 07:00PM ET,NJ,2.46
C,Brandon Gignac (13678044),Brandon Gignac,13678044,C/UTIL,2500,PHI@NJ 11/01/2019 07:00PM ET,NJ,0
C,Connor Bunnaman (13678058),Connor Bunnaman,13678058,C/UTIL,2500,PHI@NJ 11/01/2019 07:00PM ET,PHI,1.82
C,Michael McLeod (13678062),Michael McLeod,13678062,C/UTIL,2500,PHI@NJ 11/01/2019 07:00PM ET,NJ,0
C,Blake Speers (13678078),Blake Speers,13678078,C/UTIL,2500,PHI@NJ 11/01/2019 07:00PM ET,NJ,0
C,Morgan Frost (13678084),Morgan Frost,13678084,C/UTIL,2500,PHI@NJ 11/01/2019 07:00PM ET,PHI,0
C,Mikhail Vorobyev (13678124),Mikhail Vorobyev,13678124,C/UTIL,2500,PHI@NJ 11/01/2019 07:00PM ET,PHI,2.46
RW,Chris Stewart (13678382),Chris Stewart,13678382,W/UTIL,2500,PHI@NJ 11/01/2019 07:00PM ET,PHI,1.51
RW,John Hayden (13678398),John Hayden,13678398,W/UTIL,2500,PHI@NJ 11/01/2019 07:00PM ET,NJ,1.47
LW,Tyler Pitlick (13678412),Tyler Pitlick,13678412,W/UTIL,2500,PHI@NJ 11/01/2019 07:00PM ET,PHI,2.02
LW,Jesper Boqvist (13678432),Jesper Boqvist,13678432,W/UTIL,2500,PHI@NJ 11/01/2019 07:00PM ET,NJ,2.05
LW,Carsen Twarynski (13678434),Carsen Twarynski,13678434,W/UTIL,2500,PHI@NJ 11/01/2019 07:00PM ET,PHI,2.63
RW,Maxim Sushko (13678510),Maxim Sushko,13678510,W/UTIL,2500,PHI@NJ 11/01/2019 07:00PM ET,PHI,0
RW,David Kase (13678512),David Kase,13678512,W/UTIL,2500,PHI@NJ 11/01/2019 07:00PM ET,PHI,0
RW,Nathan Bastian (13678528),Nathan Bastian,13678528,W/UTIL,2500,PHI@NJ 11/01/2019 07:00PM ET,NJ,0
LW,Brett Seney (13678532),Brett Seney,13678532,W/UTIL,2500,PHI@NJ 11/01/2019 07:00PM ET,NJ,0
LW,Andy Andreoff (13678544),Andy Andreoff,13678544,W/UTIL,2500,PHI@NJ 11/01/2019 07:00PM ET,PHI,0
LW,Matthew Strome (13678550),Matthew Strome,13678550,W/UTIL,2500,PHI@NJ 11/01/2019 07:00PM ET,PHI,0
LW,Ben Street (13678554),Ben Street,13678554,W/UTIL,2500,PHI@NJ 11/01/2019 07:00PM ET,NJ,0
RW,Joey Anderson (13678570),Joey Anderson,13678570,W/UTIL,2500,PHI@NJ 11/01/2019 07:00PM ET,NJ,0
RW,Nicolas Aube-Kubel (13678578),Nicolas Aube-Kubel,13678578,W/UTIL,2500,PHI@NJ 11/01/2019 07:00PM ET,PHI,0
D,Matt Tennyson (13678804),Matt Tennyson,13678804,D/UTIL,2500,PHI@NJ 11/01/2019 07:00PM ET,NJ,4.12
D,Philippe Myers (13678830),Philippe Myers,13678830,D/UTIL,2500,PHI@NJ 11/01/2019 07:00PM ET,PHI,0
D,Mirco Mueller (13678832),Mirco Mueller,13678832,D/UTIL,2500,PHI@NJ 11/01/2019 07:00PM ET,NJ,2.56
D,Samuel Morin (13678854),Samuel Morin,13678854,D/UTIL,2500,PHI@NJ 11/01/2019 07:00PM ET,PHI,0
D,Ty Smith (13678862),Ty Smith,13678862,D/UTIL,2500,PHI@NJ 11/01/2019 07:00PM ET,NJ,0
D,Josh Jacobs (13678864),Josh Jacobs,13678864,D/UTIL,2500,PHI@NJ 11/01/2019 07:00PM ET,NJ,0
D,Colton White (13678892),Colton White,13678892,D/UTIL,2500,PHI@NJ 11/01/2019 07:00PM ET,NJ,0
D,Nate Prosser (13678912),Nate Prosser,13678912,D/UTIL,2500,PHI@NJ 11/01/2019 07:00PM ET,PHI,0
D,Mark Friedman (13678922),Mark Friedman,13678922,D/UTIL,2500,PHI@NJ 11/01/2019 07:00PM ET,PHI,0
D,Andy Welinski (13678930),Andy Welinski,13678930,D/UTIL,2500,PHI@NJ 11/01/2019 07:00PM ET,PHI,0
C,Johan Larsson (13678010),Johan Larsson,13678010,C/UTIL,2500,BUF@WAS 11/01/2019 07:00PM ET,BUF,3.92
C,Nic Dowd (13678026),Nic Dowd,13678026,C/UTIL,2500,BUF@WAS 11/01/2019 07:00PM ET,WAS,3.84
C,Curtis Lazar (13678042),Curtis Lazar,13678042,C/UTIL,2500,BUF@WAS 11/01/2019 07:00PM ET,BUF,0
C,Connor McMichael (13678086),Connor McMichael,13678086,C/UTIL,2500,BUF@WAS 11/01/2019 07:00PM ET,WAS,0
C,Liam O'Brien (13678088),Liam O'Brien,13678088,C/UTIL,2500,BUF@WAS 11/01/2019 07:00PM ET,WAS,0
C,Shane Gersich (13678090),Shane Gersich,13678090,C/UTIL,2500,BUF@WAS 11/01/2019 07:00PM ET,WAS,0
C,Michael Sgarbossa (13678092),Michael Sgarbossa,13678092,C/UTIL,2500,BUF@WAS 11/01/2019 07:00PM ET,WAS,0
C,Rasmus Asplund (13678112),Rasmus Asplund,13678112,C/UTIL,2500,BUF@WAS 11/01/2019 07:00PM ET,BUF,0
C,Dylan Cozens (13678114),Dylan Cozens,13678114,C/UTIL,2500,BUF@WAS 11/01/2019 07:00PM ET,BUF,0
C,Arttu Ruotsalainen (13678116),Arttu Ruotsalainen,13678116,C/UTIL,2500,BUF@WAS 11/01/2019 07:00PM ET,BUF,0
C,Jean-Sebastien Dea (13678136),Jean-Sebastien Dea,13678136,C/UTIL,2500,BUF@WAS 11/01/2019 07:00PM ET,BUF,0
LW,Brendan Leipsic (13678408),Brendan Leipsic,13678408,W/UTIL,2500,BUF@WAS 11/01/2019 07:00PM ET,WAS,3.14
RW,Travis Boyd (13678414),Travis Boyd,13678414,W/UTIL,2500,BUF@WAS 11/01/2019 07:00PM ET,WAS,3.9
RW,Chandler Stephenson (13678428),Chandler Stephenson,13678428,W/UTIL,2500,BUF@WAS 11/01/2019 07:00PM ET,WAS,3.44
RW,Richard Panik (13678450),Richard Panik,13678450,W/UTIL,2500,BUF@WAS 11/01/2019 07:00PM ET,WAS,1.64
RW,Kody Clark (13678500),Kody Clark,13678500,W/UTIL,2500,BUF@WAS 11/01/2019 07:00PM ET,WAS,0
LW,Scott Wilson (13678522),Scott Wilson,13678522,W/UTIL,2500,BUF@WAS 11/01/2019 07:00PM ET,BUF,0
LW,C.J. Smith (13678534),C.J. Smith,13678534,W/UTIL,2500,BUF@WAS 11/01/2019 07:00PM ET,BUF,0
RW,Tage Thompson (13678538),Tage Thompson,13678538,W/UTIL,2500,BUF@WAS 11/01/2019 07:00PM ET,BUF,0
LW,Remi Elie (13678546),Remi Elie,13678546,W/UTIL,2500,BUF@WAS 11/01/2019 07:00PM ET,BUF,0
D,Jonas Siegenthaler (13678780),Jonas Siegenthaler,13678780,D/UTIL,2500,BUF@WAS 11/01/2019 07:00PM ET,WAS,4.35
D,Nick Jensen (13678782),Nick Jensen,13678782,D/UTIL,2500,BUF@WAS 11/01/2019 07:00PM ET,WAS,4.16
D,Tyler Lewington (13678834),Tyler Lewington,13678834,D/UTIL,2500,BUF@WAS 11/01/2019 07:00PM ET,WAS,1.9
D,Matt Hunwick (13678840),Matt Hunwick,13678840,D/UTIL,2500,BUF@WAS 11/01/2019 07:00PM ET,BUF,0
D,Alexander Alexeyev (13678866),Alexander Alexeyev,13678866,D/UTIL,2500,BUF@WAS 11/01/2019 07:00PM ET,WAS,0
D,Connor Hobbs (13678868),Connor Hobbs,13678868,D/UTIL,2500,BUF@WAS 11/01/2019 07:00PM ET,WAS,0
D,Colby Williams (13678870),Colby Williams,13678870,D/UTIL,2500,BUF@WAS 11/01/2019 07:00PM ET,WAS,0
D,William Borgen (13678878),William Borgen,13678878,D/UTIL,2500,BUF@WAS 11/01/2019 07:00PM ET,BUF,0
D,Christian Djoos (13678924),Christian Djoos,13678924,D/UTIL,2500,BUF@WAS 11/01/2019 07:00PM ET,WAS,0
D,Casey Nelson (13678938),Casey Nelson,13678938,D/UTIL,2500,BUF@WAS 11/01/2019 07:00PM ET,BUF,0
D,Lawrence Pilut (13678942),Lawrence Pilut,13678942,D/UTIL,2500,BUF@WAS 11/01/2019 07:00PM ET,BUF,0
C,Lucas Wallmark (13678002),Lucas Wallmark,13678002,C/UTIL,2500,DET@CAR 11/01/2019 07:30PM ET,CAR,4.3
C,Jacob de la Rose (13678012),Jacob de la Rose,13678012,C/UTIL,2500,DET@CAR 11/01/2019 07:30PM ET,DET,4.21
C,Joseph Veleno (13678046),Joseph Veleno,13678046,C/UTIL,2500,DET@CAR 11/01/2019 07:30PM ET,DET,0
C,Dominic Turgeon (13678070),Dominic Turgeon,13678070,C/UTIL,2500,DET@CAR 11/01/2019 07:30PM ET,DET,0
C,Ryan Suzuki (13678074),Ryan Suzuki,13678074,C/UTIL,2500,DET@CAR 11/01/2019 07:30PM ET,CAR,0
C,Morgan Geekie (13678076),Morgan Geekie,13678076,C/UTIL,2500,DET@CAR 11/01/2019 07:30PM ET,CAR,0
C,Clark Bishop (13678120),Clark Bishop,13678120,C/UTIL,2500,DET@CAR 11/01/2019 07:30PM ET,CAR,0
RW,Adam Erne (13678374),Adam Erne,13678374,W/UTIL,2500,DET@CAR 11/01/2019 07:30PM ET,DET,3.09
LW,Christoffer Ehn (13678406),Christoffer Ehn,13678406,W/UTIL,2500,DET@CAR 11/01/2019 07:30PM ET,DET,1.24
LW,Brock McGinn (13678418),Brock McGinn,13678418,W/UTIL,2500,DET@CAR 11/01/2019 07:30PM ET,CAR,3.81
RW,Brian Gibbons (13678420),Brian Gibbons,13678420,W/UTIL,2500,DET@CAR 11/01/2019 07:30PM ET,CAR,1.78
RW,Julien Gauthier (13678464),Julien Gauthier,13678464,W/UTIL,2500,DET@CAR 11/01/2019 07:30PM ET,CAR,0
LW,Max McCormick (13678466),Max McCormick,13678466,W/UTIL,2500,DET@CAR 11/01/2019 07:30PM ET,CAR,0
LW,Jacob Pritchard (13678518),Jacob Pritchard,13678518,W/UTIL,2500,DET@CAR 11/01/2019 07:30PM ET,CAR,0
LW,Matt Puempel (13678524),Matt Puempel,13678524,W/UTIL,2500,DET@CAR 11/01/2019 07:30PM ET,DET,0
LW,Ryan Kuffner (13678526),Ryan Kuffner,13678526,W/UTIL,2500,DET@CAR 11/01/2019 07:30PM ET,DET,0
RW,Saku Maenalanen (13678540),Saku Maenalanen,13678540,W/UTIL,2500,DET@CAR 11/01/2019 07:30PM ET,CAR,0
RW,Janne Kuokkanen (13678552),Janne Kuokkanen,13678552,W/UTIL,2500,DET@CAR 11/01/2019 07:30PM ET,CAR,0
RW,Michael Rasmussen (13678564),Michael Rasmussen,13678564,W/UTIL,2500,DET@CAR 11/01/2019 07:30PM ET,DET,0
LW,Filip Zadina (13678574),Filip Zadina,13678574,W/UTIL,2500,DET@CAR 11/01/2019 07:30PM ET,DET,0
RW,Evgeny Svechnikov (13678576),Evgeny Svechnikov,13678576,W/UTIL,2500,DET@CAR 11/01/2019 07:30PM ET,DET,2.95
D,Trevor van Riemsdyk (13678790),Trevor van Riemsdyk,13678790,D/UTIL,2500,DET@CAR 11/01/2019 07:30PM ET,CAR,1.68
D,Madison Bowey (13678792),Madison Bowey,13678792,D/UTIL,2500,DET@CAR 11/01/2019 07:30PM ET,DET,4.21
D,Trevor Daley (13678796),Trevor Daley,13678796,D/UTIL,2500,DET@CAR 11/01/2019 07:30PM ET,DET,3.11
D,Haydn Fleury (13678822),Haydn Fleury,13678822,D/UTIL,2500,DET@CAR 11/01/2019 07:30PM ET,CAR,5.12
D,Jake Bean (13678850),Jake Bean,13678850,D/UTIL,2500,DET@CAR 11/01/2019 07:30PM ET,CAR,0
D,Roland McKeown (13678860),Roland McKeown,13678860,D/UTIL,2500,DET@CAR 11/01/2019 07:30PM ET,CAR,0
D,Dylan McIlrath (13678886),Dylan McIlrath,13678886,D/UTIL,2500,DET@CAR 11/01/2019 07:30PM ET,DET,0
D,Brian Lashoff (13678888),Brian Lashoff,13678888,D/UTIL,2500,DET@CAR 11/01/2019 07:30PM ET,DET,0
D,Oliwer Kaski (13678896),Oliwer Kaski,13678896,D/UTIL,2500,DET@CAR 11/01/2019 07:30PM ET,DET,0
D,Jonathan Ericsson (13678908),Jonathan Ericsson,13678908,D/UTIL,2500,DET@CAR 11/01/2019 07:30PM ET,DET,0
D,Gustav Forsling (13678918),Gustav Forsling,13678918,D/UTIL,2500,DET@CAR 11/01/2019 07:30PM ET,CAR,0
C,Riley Nash (13678014),Riley Nash,13678014,C/UTIL,2500,CLS@STL 11/01/2019 08:00PM ET,CLS,4.68
C,Ivan Barbashev (13678018),Ivan Barbashev,13678018,C/UTIL,2500,CLS@STL 11/01/2019 08:00PM ET,STL,3.28
C,Liam Foudy (13678048),Liam Foudy,13678048,C/UTIL,2500,CLS@STL 11/01/2019 08:00PM ET,CLS,0
C,Mike Vecchione (13678050),Mike Vecchione,13678050,C/UTIL,2500,CLS@STL 11/01/2019 08:00PM ET,STL,0
C,Klim Kostin (13678052),Klim Kostin,13678052,C/UTIL,2500,CLS@STL 11/01/2019 08:00PM ET,STL,0
C,Zac Dalpe (13678060),Zac Dalpe,13678060,C/UTIL,2500,CLS@STL 11/01/2019 08:00PM ET,CLS,0
C,Kevin Stenlund (13678108),Kevin Stenlund,13678108,C/UTIL,2500,CLS@STL 11/01/2019 08:00PM ET,CLS,0
C,Jordan Kyrou (13678134),Jordan Kyrou,13678134,C/UTIL,2500,CLS@STL 11/01/2019 08:00PM ET,STL,0
LW,Jakob Lilja (13678388),Jakob Lilja,13678388,W/UTIL,2500,CLS@STL 11/01/2019 08:00PM ET,CLS,3.77
LW,MacKenzie MacEachern (13678390),MacKenzie MacEachern,13678390,W/UTIL,2500,CLS@STL 11/01/2019 08:00PM ET,STL,1.65
RW,Markus Hannikainen (13678430),Markus Hannikainen,13678430,W/UTIL,2500,CLS@STL 11/01/2019 08:00PM ET,CLS,0
RW,Lukas Sedlak (13678480),Lukas Sedlak,13678480,W/UTIL,2500,CLS@STL 11/01/2019 08:00PM ET,CLS,0
LW,Marko Dano (13678502),Marko Dano,13678502,W/UTIL,2500,CLS@STL 11/01/2019 08:00PM ET,CLS,0
LW,Nathan Gerbe (13678520),Nathan Gerbe,13678520,W/UTIL,2500,CLS@STL 11/01/2019 08:00PM ET,CLS,0
LW,Jordan Nolan (13678530),Jordan Nolan,13678530,W/UTIL,2500,CLS@STL 11/01/2019 08:00PM ET,STL,0
RW,Kole Sherwood (13678548),Kole Sherwood,13678548,W/UTIL,2500,CLS@STL 11/01/2019 08:00PM ET,CLS,0
RW,Nick Lappin (13678572),Nick Lappin,13678572,W/UTIL,2500,CLS@STL 11/01/2019 08:00PM ET,STL,0
D,Carl Gunnarsson (13678786),Carl Gunnarsson,13678786,D/UTIL,2500,CLS@STL 11/01/2019 08:00PM ET,STL,5.18
D,Dean Kukan (13678800),Dean Kukan,13678800,D/UTIL,2500,CLS@STL 11/01/2019 08:00PM ET,CLS,4.58
D,Vladislav Gavrikov (13678812),Vladislav Gavrikov,13678812,D/UTIL,2500,CLS@STL 11/01/2019 08:00PM ET,CLS,3.58
D,Adam Clendening (13678844),Adam Clendening,13678844,D/UTIL,2500,CLS@STL 11/01/2019 08:00PM ET,CLS,0
D,Derrick Pouliot (13678846),Derrick Pouliot,13678846,D/UTIL,2500,CLS@STL 11/01/2019 08:00PM ET,STL,0
D,Gabriel Carlsson (13678874),Gabriel Carlsson,13678874,D/UTIL,2500,CLS@STL 11/01/2019 08:00PM ET,CLS,0
D,Jake Dotchin (13678880),Jake Dotchin,13678880,D/UTIL,2500,CLS@STL 11/01/2019 08:00PM ET,STL,0
D,Mitch Reinke (13678900),Mitch Reinke,13678900,D/UTIL,2500,CLS@STL 11/01/2019 08:00PM ET,STL,0
D,Petteri Lindbohm (13678902),Petteri Lindbohm,13678902,D/UTIL,2500,CLS@STL 11/01/2019 08:00PM ET,STL,0
C,Pierre-Edouard Bellemare (13677998),Pierre-Edouard Bellemare,13677998,C/UTIL,2500,DAL@COL 11/01/2019 09:00PM ET,COL,6.22
C,Radek Faksa (13678000),Radek Faksa,13678000,C/UTIL,2500,DAL@COL 11/01/2019 09:00PM ET,DAL,4.67
C,Jayson Megna (13678024),Jayson Megna,13678024,C/UTIL,2500,DAL@COL 11/01/2019 09:00PM ET,COL,0
C,Martin Hanzal (13678034),Martin Hanzal,13678034,C/UTIL,2500,DAL@COL 11/01/2019 09:00PM ET,DAL,0
C,Ty Dellandrea (13678100),Ty Dellandrea,13678100,C/UTIL,2500,DAL@COL 11/01/2019 09:00PM ET,DAL,0
C,Rhett Gardner (13678110),Rhett Gardner,13678110,C/UTIL,2500,DAL@COL 11/01/2019 09:00PM ET,DAL,1.9
C,Sheldon Dries (13678122),Sheldon Dries,13678122,C/UTIL,2500,DAL@COL 11/01/2019 09:00PM ET,COL,0
C,Tanner Kero (13678128),Tanner Kero,13678128,C/UTIL,2500,DAL@COL 11/01/2019 09:00PM ET,DAL,0
C,Joel L'Esperance (13678138),Joel L'Esperance,13678138,C/UTIL,2500,DAL@COL 11/01/2019 09:00PM ET,DAL,4.27
RW,Denis Gurianov (13678376),Denis Gurianov,13678376,W/UTIL,2500,DAL@COL 11/01/2019 09:00PM ET,DAL,5.35
LW,Mattias Janmark (13678378),Mattias Janmark,13678378,W/UTIL,2500,DAL@COL 11/01/2019 09:00PM ET,DAL,4.44
LW,Andrew Cogliano (13678386),Andrew Cogliano,13678386,W/UTIL,2500,DAL@COL 11/01/2019 09:00PM ET,DAL,2.25
LW,Valeri Nichushkin (13678392),Valeri Nichushkin,13678392,W/UTIL,2500,DAL@COL 11/01/2019 09:00PM ET,COL,3.18
RW,Vladislav Kamenev (13678396),Vladislav Kamenev,13678396,W/UTIL,2500,DAL@COL 11/01/2019 09:00PM ET,COL,4.5
RW,Nick Caamano (13678404),Nick Caamano,13678404,W/UTIL,2500,DAL@COL 11/01/2019 09:00PM ET,DAL,3.7
RW,Justin Dowling (13678436),Justin Dowling,13678436,W/UTIL,2500,DAL@COL 11/01/2019 09:00PM ET,DAL,2.48
RW,Blake Comeau (13678448),Blake Comeau,13678448,W/UTIL,2500,DAL@COL 11/01/2019 09:00PM ET,DAL,1.5
LW,A.J. Greer (13678474),A.J. Greer,13678474,W/UTIL,2500,DAL@COL 11/01/2019 09:00PM ET,COL,0
RW,Martin Kaut (13678476),Martin Kaut,13678476,W/UTIL,2500,DAL@COL 11/01/2019 09:00PM ET,COL,0
RW,Nick Henry (13678478),Nick Henry,13678478,W/UTIL,2500,DAL@COL 11/01/2019 09:00PM ET,COL,0
LW,Jason Robertson (13678482),Jason Robertson,13678482,W/UTIL,2500,DAL@COL 11/01/2019 09:00PM ET,DAL,0
LW,Michael Mersch (13678492),Michael Mersch,13678492,W/UTIL,2500,DAL@COL 11/01/2019 09:00PM ET,DAL,0
RW,Logan O'Connor (13678514),Logan O'Connor,13678514,W/UTIL,2500,DAL@COL 11/01/2019 09:00PM ET,COL,0
D,Jamie Oleksiak (13678776),Jamie Oleksiak,13678776,D/UTIL,2500,DAL@COL 11/01/2019 09:00PM ET,DAL,3.63
D,Joel Hanley (13678806),Joel Hanley,13678806,D/UTIL,2500,DAL@COL 11/01/2019 09:00PM ET,DAL,2.53
D,Roman Polak (13678816),Roman Polak,13678816,D/UTIL,2500,DAL@COL 11/01/2019 09:00PM ET,DAL,2.6
D,Stephen Johns (13678836),Stephen Johns,13678836,D/UTIL,2500,DAL@COL 11/01/2019 09:00PM ET,DAL,0
D,Gavin Bayreuther (13678856),Gavin Bayreuther,13678856,D/UTIL,2500,DAL@COL 11/01/2019 09:00PM ET,DAL,0
D,Ben Gleason (13678872),Ben Gleason,13678872,D/UTIL,2500,DAL@COL 11/01/2019 09:00PM ET,DAL,0
D,Thomas Harley (13678876),Thomas Harley,13678876,D/UTIL,2500,DAL@COL 11/01/2019 09:00PM ET,DAL,0
D,Mark Alt (13678882),Mark Alt,13678882,D/UTIL,2500,DAL@COL 11/01/2019 09:00PM ET,COL,0
D,Anton Lindholm (13678884),Anton Lindholm,13678884,D/UTIL,2500,DAL@COL 11/01/2019 09:00PM ET,COL,0
D,Dillon Heatherington (13678890),Dillon Heatherington,13678890,D/UTIL,2500,DAL@COL 11/01/2019 09:00PM ET,DAL,0
D,Calle Rosen (13678910),Calle Rosen,13678910,D/UTIL,2500,DAL@COL 11/01/2019 09:00PM ET,COL,0
D,Kevin Connauton (13678936),Kevin Connauton,13678936,D/UTIL,2500,DAL@COL 11/01/2019 09:00PM ET,COL,0
D,Julius Honka (13678940),Julius Honka,13678940,D/UTIL,2500,DAL@COL 11/01/2019 09:00PM ET,DAL,0
C,Jay Beagle (13678004),Jay Beagle,13678004,C/UTIL,2500,VAN@ANH 11/01/2019 10:00PM ET,VAN,4.76
C,Adam Gaudette (13678032),Adam Gaudette,13678032,C/UTIL,2500,VAN@ANH 11/01/2019 10:00PM ET,VAN,3.1
C,Ryan Kesler (13678036),Ryan Kesler,13678036,C/UTIL,2500,VAN@ANH 11/01/2019 10:00PM ET,ANH,0
C,Chase De Leo (13678040),Chase De Leo,13678040,C/UTIL,2500,VAN@ANH 11/01/2019 10:00PM ET,ANH,0
C,Antoine Morand (13678056),Antoine Morand,13678056,C/UTIL,2500,VAN@ANH 11/01/2019 10:00PM ET,ANH,0
C,Sam Carrick (13678064),Sam Carrick,13678064,C/UTIL,2500,VAN@ANH 11/01/2019 10:00PM ET,ANH,0
C,Justin Kloos (13678066),Justin Kloos,13678066,C/UTIL,2500,VAN@ANH 11/01/2019 10:00PM ET,ANH,0
C,Isac Lundestrom (13678068),Isac Lundestrom,13678068,C/UTIL,2500,VAN@ANH 11/01/2019 10:00PM ET,ANH,1.93
C,Zack MacEwen (13678102),Zack MacEwen,13678102,C/UTIL,2500,VAN@ANH 11/01/2019 10:00PM ET,VAN,0
C,Tyler Graovac (13678104),Tyler Graovac,13678104,C/UTIL,2500,VAN@ANH 11/01/2019 10:00PM ET,VAN,0
C,Andrew Poturalski (13678106),Andrew Poturalski,13678106,C/UTIL,2500,VAN@ANH 11/01/2019 10:00PM ET,ANH,0
C,Reid Boucher (13678126),Reid Boucher,13678126,C/UTIL,2500,VAN@ANH 11/01/2019 10:00PM ET,VAN,0
LW,Max Jones (13678372),Max Jones,13678372,W/UTIL,2500,VAN@ANH 11/01/2019 10:00PM ET,ANH,3.16
LW,Nicolas Deslauriers (13678394),Nicolas Deslauriers,13678394,W/UTIL,2500,VAN@ANH 11/01/2019 10:00PM ET,ANH,2.42
RW,Loui Eriksson (13678416),Loui Eriksson,13678416,W/UTIL,2500,VAN@ANH 11/01/2019 10:00PM ET,VAN,1
LW,Devin Shore (13678438),Devin Shore,13678438,W/UTIL,2500,VAN@ANH 11/01/2019 10:00PM ET,ANH,3.5
LW,Antoine Roussel (13678442),Antoine Roussel,13678442,W/UTIL,2500,VAN@ANH 11/01/2019 10:00PM ET,VAN,0
RW,Tyler Motte (13678444),Tyler Motte,13678444,W/UTIL,2500,VAN@ANH 11/01/2019 10:00PM ET,VAN,3.82
RW,Patrick Eaves (13678458),Patrick Eaves,13678458,W/UTIL,2500,VAN@ANH 11/01/2019 10:00PM ET,ANH,0
LW,Brayden Tracey (13678472),Brayden Tracey,13678472,W/UTIL,2500,VAN@ANH 11/01/2019 10:00PM ET,ANH,0
RW,Justin Bailey (13678516),Justin Bailey,13678516,W/UTIL,2500,VAN@ANH 11/01/2019 10:00PM ET,VAN,0
RW,Nick Sorensen (13678556),Nick Sorensen,13678556,W/UTIL,2500,VAN@ANH 11/01/2019 10:00PM ET,ANH,0
RW,Deven Sideroff (13678558),Deven Sideroff,13678558,W/UTIL,2500,VAN@ANH 11/01/2019 10:00PM ET,ANH,0
RW,Kiefer Sherwood (13678560),Kiefer Sherwood,13678560,W/UTIL,2500,VAN@ANH 11/01/2019 10:00PM ET,ANH,0
LW,Nikolay Goldobin (13678566),Nikolay Goldobin,13678566,W/UTIL,2500,VAN@ANH 11/01/2019 10:00PM ET,VAN,0
LW,Sven Baertschi (13678580),Sven Baertschi,13678580,W/UTIL,2500,VAN@ANH 11/01/2019 10:00PM ET,VAN,0
RW,Daniel Sprong (13678582),Daniel Sprong,13678582,W/UTIL,2500,VAN@ANH 11/01/2019 10:00PM ET,ANH,0
D,Erik Gudbranson (13678778),Erik Gudbranson,13678778,D/UTIL,2500,VAN@ANH 11/01/2019 10:00PM ET,ANH,2.67
D,Troy Stecher (13678784),Troy Stecher,13678784,D/UTIL,2500,VAN@ANH 11/01/2019 10:00PM ET,VAN,3.92
D,Jacob Larsson (13678802),Jacob Larsson,13678802,D/UTIL,2500,VAN@ANH 11/01/2019 10:00PM ET,ANH,3.49
D,Oscar Fantenberg (13678824),Oscar Fantenberg,13678824,D/UTIL,2500,VAN@ANH 11/01/2019 10:00PM ET,VAN,0
D,Ashton Sautner (13678828),Ashton Sautner,13678828,D/UTIL,2500,VAN@ANH 11/01/2019 10:00PM ET,VAN,0
D,Guillaume Brisebois (13678848),Guillaume Brisebois,13678848,D/UTIL,2500,VAN@ANH 11/01/2019 10:00PM ET,VAN,0
D,Nikita Tryamkin (13678898),Nikita Tryamkin,13678898,D/UTIL,2500,VAN@ANH 11/01/2019 10:00PM ET,VAN,0
D,Josh Teves (13678904),Josh Teves,13678904,D/UTIL,2500,VAN@ANH 11/01/2019 10:00PM ET,VAN,0
D,Brogan Rafferty (13678916),Brogan Rafferty,13678916,D/UTIL,2500,VAN@ANH 11/01/2019 10:00PM ET,VAN,0
D,Jani Hakanpaa (13678932),Jani Hakanpaa,13678932,D/UTIL,2500,VAN@ANH 11/01/2019 10:00PM ET,ANH,0
D,Chris Wideman (13678934),Chris Wideman,13678934,D/UTIL,2500,VAN@ANH 11/01/2019 10:00PM ET,ANH,0
C,David Gustafsson (13678022),David Gustafsson,13678022,C/UTIL,2500,WPG@SJ 11/01/2019 10:30PM ET,WPG,0.68
C,Jonny Brodzinski (13678030),Jonny Brodzinski,13678030,C/UTIL,2500,WPG@SJ 11/01/2019 10:30PM ET,SJ,3
C,Mark Letestu (13678038),Mark Letestu,13678038,C/UTIL,2500,WPG@SJ 11/01/2019 10:30PM ET,WPG,2
C,Michael Spacek (13678080),Michael Spacek,13678080,C/UTIL,2500,WPG@SJ 11/01/2019 10:30PM ET,WPG,0
C,Seth Griffith (13678082),Seth Griffith,13678082,C/UTIL,2500,WPG@SJ 11/01/2019 10:30PM ET,WPG,0
C,Jonathan Dahlen (13678094),Jonathan Dahlen,13678094,C/UTIL,2500,WPG@SJ 11/01/2019 10:30PM ET,SJ,0
C,Manuel Wiederer (13678096),Manuel Wiederer,13678096,C/UTIL,2500,WPG@SJ 11/01/2019 10:30PM ET,SJ,0
C,Joel Kellman (13678098),Joel Kellman,13678098,C/UTIL,2500,WPG@SJ 11/01/2019 10:30PM ET,SJ,0
C,Antti Suomela (13678130),Antti Suomela,13678130,C/UTIL,2500,WPG@SJ 11/01/2019 10:30PM ET,SJ,0
C,Alexander True (13678132),Alexander True,13678132,C/UTIL,2500,WPG@SJ 11/01/2019 10:30PM ET,SJ,0
RW,Gabriel Bourque (13678368),Gabriel Bourque,13678368,W/UTIL,2500,WPG@SJ 11/01/2019 10:30PM ET,WPG,2.6
LW,Marcus Sorensen (13678380),Marcus Sorensen,13678380,W/UTIL,2500,WPG@SJ 11/01/2019 10:30PM ET,SJ,3.81
D,Luca Sbisa (13678384),Luca Sbisa,13678384,D/UTIL,2500,WPG@SJ 11/01/2019 10:30PM ET,WPG,1.5
LW,Logan Shaw (13678402),Logan Shaw,13678402,W/UTIL,2500,WPG@SJ 11/01/2019 10:30PM ET,WPG,1.5
RW,Melker Karlsson (13678410),Melker Karlsson,13678410,W/UTIL,2500,WPG@SJ 11/01/2019 10:30PM ET,SJ,3.32
LW,Barclay Goodrow (13678422),Barclay Goodrow,13678422,W/UTIL,2500,WPG@SJ 11/01/2019 10:30PM ET,SJ,4.76
LW,Noah Gregor (13678424),Noah Gregor,13678424,W/UTIL,2500,WPG@SJ 11/01/2019 10:30PM ET,SJ,0
RW,Mason Appleton (13678452),Mason Appleton,13678452,W/UTIL,2500,WPG@SJ 11/01/2019 10:30PM ET,WPG,2.08
LW,Danil Yurtaykin (13678462),Danil Yurtaykin,13678462,W/UTIL,2500,WPG@SJ 11/01/2019 10:30PM ET,SJ,1.4
LW,Lean Bergmann (13678490),Lean Bergmann,13678490,W/UTIL,2500,WPG@SJ 11/01/2019 10:30PM ET,SJ,3.98
LW,Ivan Chekhovich (13678494),Ivan Chekhovich,13678494,W/UTIL,2500,WPG@SJ 11/01/2019 10:30PM ET,SJ,0
LW,Joachim Blichfeld (13678496),Joachim Blichfeld,13678496,W/UTIL,2500,WPG@SJ 11/01/2019 10:30PM ET,SJ,0
LW,Jayden Halbgewachs (13678498),Jayden Halbgewachs,13678498,W/UTIL,2500,WPG@SJ 11/01/2019 10:30PM ET,SJ,0
RW,JC Lipon (13678504),JC Lipon,13678504,W/UTIL,2500,WPG@SJ 11/01/2019 10:30PM ET,WPG,0
LW,C.J. Suess (13678506),C.J. Suess,13678506,W/UTIL,2500,WPG@SJ 11/01/2019 10:30PM ET,WPG,0
LW,Joona Luoto (13678508),Joona Luoto,13678508,W/UTIL,2500,WPG@SJ 11/01/2019 10:30PM ET,WPG,0
LW,Kristian Vesalainen (13678568),Kristian Vesalainen,13678568,W/UTIL,2500,WPG@SJ 11/01/2019 10:30PM ET,WPG,0
D,Tucker Poolman (13678772),Tucker Poolman,13678772,D/UTIL,2500,WPG@SJ 11/01/2019 10:30PM ET,WPG,3.76
D,Brenden Dillon (13678774),Brenden Dillon,13678774,D/UTIL,2500,WPG@SJ 11/01/2019 10:30PM ET,SJ,3.65
D,Anthony Bitetto (13678788),Anthony Bitetto,13678788,D/UTIL,2500,WPG@SJ 11/01/2019 10:30PM ET,WPG,4.21
D,Tim Heed (13678798),Tim Heed,13678798,D/UTIL,2500,WPG@SJ 11/01/2019 10:30PM ET,SJ,1.62
D,Carl Dahlstrom (13678808),Carl Dahlstrom,13678808,D/UTIL,2500,WPG@SJ 11/01/2019 10:30PM ET,WPG,2.22
D,Mario Ferraro (13678810),Mario Ferraro,13678810,D/UTIL,2500,WPG@SJ 11/01/2019 10:30PM ET,SJ,2.54
D,Nathan Beaulieu (13678814),Nathan Beaulieu,13678814,D/UTIL,2500,WPG@SJ 11/01/2019 10:30PM ET,WPG,0
D,Jacob Middleton (13678818),Jacob Middleton,13678818,D/UTIL,2500,WPG@SJ 11/01/2019 10:30PM ET,SJ,1.3
D,Trevor Carrick (13678826),Trevor Carrick,13678826,D/UTIL,2500,WPG@SJ 11/01/2019 10:30PM ET,SJ,0.5
D,Radim Simek (13678838),Radim Simek,13678838,D/UTIL,2500,WPG@SJ 11/01/2019 10:30PM ET,SJ,0
D,Dalton Prout (13678842),Dalton Prout,13678842,D/UTIL,2500,WPG@SJ 11/01/2019 10:30PM ET,SJ,2.8
D,Ryan Merkley (13678852),Ryan Merkley,13678852,D/UTIL,2500,WPG@SJ 11/01/2019 10:30PM ET,SJ,0
D,Nelson Nogier (13678914),Nelson Nogier,13678914,D/UTIL,2500,WPG@SJ 11/01/2019 10:30PM ET,WPG,0
D,Cameron Schilling (13678920),Cameron Schilling,13678920,D/UTIL,2500,WPG@SJ 11/01/2019 10:30PM ET,WPG,0
D,Sami Niku (13678928),Sami Niku,13678928,D/UTIL,2500,WPG@SJ 11/01/2019 10:30PM ET,WPG,8.4
C,Casey Cizikas (13678008),Casey Cizikas,13678008,C/UTIL,2500,TB@NYI 11/01/2019 07:00PM ET,NYI,3.63
C,Cedric Paquette (13678016),Cedric Paquette,13678016,C/UTIL,2500,TB@NYI 11/01/2019 07:00PM ET,TB,4.6
C,Cory Conacher (13678028),Cory Conacher,13678028,C/UTIL,2500,TB@NYI 11/01/2019 07:00PM ET,TB,0
C,Alex Barre-Boulet (13678054),Alex Barre-Boulet,13678054,C/UTIL,2500,TB@NYI 11/01/2019 07:00PM ET,TB,0
C,Tanner Fritz (13678072),Tanner Fritz,13678072,C/UTIL,2500,TB@NYI 11/01/2019 07:00PM ET,NYI,0
C,Mason Jobst (13678118),Mason Jobst,13678118,C/UTIL,2500,TB@NYI 11/01/2019 07:00PM ET,NYI,0
LW,Ross Johnston (13678366),Ross Johnston,13678366,W/UTIL,2500,TB@NYI 11/01/2019 07:00PM ET,NYI,3.95
RW,Oliver Wahlstrom (13678370),Oliver Wahlstrom,13678370,W/UTIL,2500,TB@NYI 11/01/2019 07:00PM ET,NYI,2.88
RW,Luke Witkowski (13678400),Luke Witkowski,13678400,W/UTIL,2500,TB@NYI 11/01/2019 07:00PM ET,TB,3.4
LW,Otto Koivula (13678426),Otto Koivula,13678426,W/UTIL,2500,TB@NYI 11/01/2019 07:00PM ET,NYI,0
LW,Carter Verhaeghe (13678440),Carter Verhaeghe,13678440,W/UTIL,2500,TB@NYI 11/01/2019 07:00PM ET,TB,2.3
RW,Tom Kuhnhackl (13678446),Tom Kuhnhackl,13678446,W/UTIL,2500,TB@NYI 11/01/2019 07:00PM ET,NYI,3.58
LW,Pat Maroon (13678454),Pat Maroon,13678454,W/UTIL,2500,TB@NYI 11/01/2019 07:00PM ET,TB,3.96
LW,Matt Martin (13678456),Matt Martin,13678456,W/UTIL,2500,TB@NYI 11/01/2019 07:00PM ET,NYI,4.64
RW,Andrew Ladd (13678460),Andrew Ladd,13678460,W/UTIL,2500,TB@NYI 11/01/2019 07:00PM ET,NYI,0
RW,Taylor Raddysh (13678468),Taylor Raddysh,13678468,W/UTIL,2500,TB@NYI 11/01/2019 07:00PM ET,TB,0
LW,Dennis Yan (13678470),Dennis Yan,13678470,W/UTIL,2500,TB@NYI 11/01/2019 07:00PM ET,TB,0
RW,Simon Holmstrom (13678484),Simon Holmstrom,13678484,W/UTIL,2500,TB@NYI 11/01/2019 07:00PM ET,NYI,0
LW,Kieffer Bellows (13678486),Kieffer Bellows,13678486,W/UTIL,2500,TB@NYI 11/01/2019 07:00PM ET,NYI,0
RW,Travis St. Denis (13678488),Travis St. Denis,13678488,W/UTIL,2500,TB@NYI 11/01/2019 07:00PM ET,NYI,0
RW,Joshua Ho-Sang (13678536),Joshua Ho-Sang,13678536,W/UTIL,2500,TB@NYI 11/01/2019 07:00PM ET,NYI,0
LW,Danick Martel (13678542),Danick Martel,13678542,W/UTIL,2500,TB@NYI 11/01/2019 07:00PM ET,TB,0
LW,Nolan Foote (13678562),Nolan Foote,13678562,W/UTIL,2500,TB@NYI 11/01/2019 07:00PM ET,TB,0
D,Braydon Coburn (13678794),Braydon Coburn,13678794,D/UTIL,2500,TB@NYI 11/01/2019 07:00PM ET,TB,4.06
D,Noah Dobson (13678820),Noah Dobson,13678820,D/UTIL,2500,TB@NYI 11/01/2019 07:00PM ET,NYI,3.6
D,Cameron Gaunce (13678858),Cameron Gaunce,13678858,D/UTIL,2500,TB@NYI 11/01/2019 07:00PM ET,TB,0
D,Daniel Walcott (13678894),Daniel Walcott,13678894,D/UTIL,2500,TB@NYI 11/01/2019 07:00PM ET,TB,0
D,Callan Foote (13678906),Callan Foote,13678906,D/UTIL,2500,TB@NYI 11/01/2019 07:00PM ET,TB,0
D,Thomas Hickey (13678926),Thomas Hickey,13678926,D/UTIL,2500,TB@NYI 11/01/2019 07:00PM ET,NYI,0
